"Position"	"Len"	"Field"	"Description"	"Flag Position"	"Rev*"	"Values"	"Definition"
"1-6"	"6"	"FILLER"	"Filler"	""	""	"Blank"	""
"7"	"1"	"REVISION"	"Revision"	""	"U,R"	"A"	""
""	""	""	""	""	""	""	"Certificate (Revised)"
""	""	""	""	""	""	"S"	""
""	""	""	""	""	""	""	"Certificate (Unrevised)"
"8-14"	"7"	"FILLER"	"Filler"	""	""	"Blank"	""
"15-18"	"4"	"DOB_YY"	"Birth Year"	""	"U,R"	"2009"	""
"19-20"	"2"	"DOB_MM"	"Birth Month"	""	"U,R"	"01"	""
""	""	""	""	""	""	"02"	""
""	""	""	""	""	""	"03"	""
""	""	""	""	""	""	"04"	""
""	""	""	""	""	""	"05"	""
""	""	""	""	""	""	"06"	""
""	""	""	""	""	""	"07"	""
""	""	""	""	""	""	"08"	""
""	""	""	""	""	""	"09"	""
""	""	""	""	""	""	"10"	""
""	""	""	""	""	""	"11"	""
""	""	""	""	""	""	"12"	""
"21-28"	"8"	"FILLER"	"Filler"	""	""	"Blank"	""
"29"	"1"	"DOB_WK"	"Weekday"	""	"U,R"	"1"	""
""	""	""	""	""	""	"2"	""
""	""	""	""	""	""	"3"	""
""	""	""	""	""	""	"4"	""
""	""	""	""	""	""	"5"	""
""	""	""	""	""	""	"6"	""
""	""	""	""	""	""	"7"	""
"30-31"	"2"	"OTERR"	"Occurrence Territory"	""	"U,R"	""	""
""	""	""	"(This item is available in the territory file only,"	""	""	""	""
""	""	""	"geographic codes are not available in the U.S. file)"	""	""	""	""
""	""	""	"Outlying Areas of the United States"	""	""	"AS"	""
""	""	""	""	""	""	"GU"	""
""	""	""	""	""	""	"MP"	""
""	""	""	""	""	""	"PR"	""
""	""	""	""	""	""	"VI"	""
"32-36"	"5"	"FILLER"	"Filler"	""	""	"Blank"	""
"37-39"	"3"	"OCNTY"	"Occurrence County"	""	"U,R"	""	""
""	""	""	"(This item is available in the territory file only,"	""	""	""	""
""	""	""	"geographic codes are not available in the U.S. file)"	""	""	""	""
""	""	""	"Puerto Rico"	""	""	"021"	""
""	""	""	""	""	""	"025"	""
""	""	""	""	""	""	"031"	""
""	""	""	""	""	""	"097"	""
""	""	""	""	""	""	"113"	""
""	""	""	""	""	""	"127"	""
""	""	""	""	""	""	"999"	""
""	""	""	"Other Outlying Areas of the United States"	""	""	"000"	""
""	""	""	""	""	""	"999"	""
"40"	"1"	"OCNTYPOP"	"Occurrence County Pop"	""	"U,R"	"0"	""
""	""	""	"(This item is available in the territory file only,"	""	""	"1"	""
""	""	""	"geographic codes are not available in the U.S. file)"	""	""	"2"	""
""	""	""	""	""	""	"3"	""
""	""	""	""	""	""	"9"	""
"41"	"1"	"BFACIL"	"Birth Place"	"676"	"R"	"1"	""
""	""	""	""	""	""	"2"	""
""	""	""	""	""	""	"3"	""
""	""	""	""	""	""	"4"	""
""	""	""	""	""	""	"5"	""
""	""	""	""	""	""	"6"	""
""	""	""	""	""	""	"7"	""
""	""	""	""	""	""	"9"	""
""	""	""	""	""	""	"Blank"	""
"42"	"1"	"UBFACIL"	"Birth Place"	""	"U,R"	"1"	""
""	""	""	""	""	""	"2"	""
""	""	""	""	""	""	"3"	""
""	""	""	""	""	""	"4"	""
""	""	""	""	""	""	"5"	""
""	""	""	""	""	""	"9"	""
"43-58"	"16"	"FILLER"	"Filler"	""	""	"Blank"	""
"59"	"1"	"BFACIL3"	"Birth Place Recode"	""	"U,R"	"1"	""
""	""	""	""	""	""	"2"	""
""	""	""	""	""	""	"3"	""
"60-86"	"27"	"FILLER"	"Filler"	""	""	"Blank"	""
"87"	"1"	"MAGE_IMPFLG"	"Mother's Age Imputed"	""	"U,R"	"Blank"	""
""	""	""	""	""	""	"1"	""
"88"	"1"	"MAGE_REPFLG"	"Reported Age of Mother Flag"	""	"U,R"	"Blank"	""
""	""	""	""	""	""	"1"	""
"89-90"	"2"	"MAGER"	"Mother's Single Year of Age"	""	"U,R"	"12"	""
""	""	""	""	""	""	"13"	""
""	""	""	""	""	""	"14"	""
""	""	""	""	""	""	"15"	""
""	""	""	""	""	""	"16"	""
""	""	""	""	""	""	"17"	""
""	""	""	""	""	""	"18"	""
""	""	""	""	""	""	"19"	""
""	""	""	""	""	""	"20"	""
""	""	""	""	""	""	"21"	""
""	""	""	""	""	""	"22"	""
""	""	""	""	""	""	"23"	""
""	""	""	""	""	""	"24"	""
""	""	""	""	""	""	"25"	""
""	""	""	""	""	""	"26"	""
""	""	""	""	""	""	"27"	""
""	""	""	""	""	""	"28"	""
""	""	""	""	""	""	"29"	""
""	""	""	""	""	""	"30"	""
""	""	""	""	""	""	"31"	""
""	""	""	""	""	""	"32"	""
""	""	""	""	""	""	"33"	""
""	""	""	""	""	""	"34"	""
""	""	""	""	""	""	"35"	""
""	""	""	""	""	""	"36"	""
""	""	""	""	""	""	"37"	""
""	""	""	""	""	""	"38"	""
""	""	""	""	""	""	"39"	""
""	""	""	""	""	""	"40"	""
""	""	""	""	""	""	"41"	""
""	""	""	""	""	""	"42"	""
""	""	""	""	""	""	"43"	""
""	""	""	""	""	""	"44"	""
""	""	""	""	""	""	"45"	""
""	""	""	""	""	""	"46"	""
""	""	""	""	""	""	"47"	""
""	""	""	""	""	""	"48"	""
""	""	""	""	""	""	"49"	""
""	""	""	""	""	""	"50"	""
""	""	""	"** Includes births to women aged 50 to 64 years."	""	""	""	""
"91-92"	"2"	"MAGER14"	"Mother's Age Recode 14"	""	"U,R"	"01"	""
""	""	""	""	""	""	"03"	""
""	""	""	""	""	""	"04"	""
""	""	""	""	""	""	"05"	""
""	""	""	""	""	""	"06"	""
""	""	""	""	""	""	"07"	""
""	""	""	""	""	""	"08"	""
""	""	""	""	""	""	"09"	""
""	""	""	""	""	""	"10"	""
""	""	""	""	""	""	"11"	""
""	""	""	""	""	""	"12"	""
""	""	""	""	""	""	"13"	""
""	""	""	""	""	""	"14"	""
""	""	""	"** Includes births to women aged 50 to 64 years."	""	""	""	""
"93"	"1"	"MAGER9"	"Mother's Age Recode 9"	""	"U,R"	"1"	""
""	""	""	""	""	""	"2"	""
""	""	""	""	""	""	"3"	""
""	""	""	""	""	""	"4"	""
""	""	""	""	""	""	"5"	""
""	""	""	""	""	""	"6"	""
""	""	""	""	""	""	"7"	""
""	""	""	""	""	""	"8"	""
""	""	""	""	""	""	"9"	""
""	""	""	"** Includes births to women aged 50 to 64 years."	""	""	""	""
"94-95"	"2"	"MBCNTRY"	"Mother's Birth Country"	""	"U,R"	"AA-ZZ"	""
""	""	""	"(This item is available in the territory file only,"	""	""	""	"the Geographic Code Outline, which follows"
""	""	""	"geographic codes are not available in the U.S. file)"	""	""	""	"the record layout."
""	""	""	""	""	""	"YY"	""
""	""	""	""	""	""	"ZZ"	""
""	"**"	"Also includes unrevised territories that use new geographic coding"	""	""	""	""	""
"96-108"	"13"	"FILLER"	"Filler"	""	""	"Blank"	""
"109-110"	"2"	"MRTERR"	"Mother's Residence Territory"	""	"U,R"	""	""
""	""	""	"(This item is available in the territory file only,"	""	""	""	""
""	""	""	"geographic codes are not available in the U.S. file)"	""	""	""	""
""	""	""	"Outlying Areas of the United States"	""	""	"AS"	""
""	""	""	""	""	""	"GU"	""
""	""	""	""	""	""	"MP"	""
""	""	""	""	""	""	"PR"	""
""	""	""	""	""	""	"VI"	""
""	""	""	""	""	""	"US"	""
""	""	""	""	""	""	"XX"	""
""	""	""	""	""	""	"ZZ"	""
"111-113"	"3"	"FILLER"	"Filler"	""	""	"Blank"	""
"114-116"	"3"	"MRCNTY"	"Mother's County of Residence"	""	"U,R"	""	""
""	""	""	"(This item is available in the territory file only,"	""	""	""	""
""	""	""	"geographic codes are not available in the U.S. file)"	""	""	""	""
""	""	""	"Puerto Rico"	""	""	"021"	""
""	""	""	""	""	""	"025"	""
""	""	""	""	""	""	"031"	""
""	""	""	""	""	""	"097"	""
""	""	""	""	""	""	"113"	""
""	""	""	""	""	""	"127"	""
""	""	""	""	""	""	"999"	""
""	""	""	""	""	""	""	"or foreign resident"
""	""	""	"Other Outlying Areas of the United States"	""	""	"000"	""
""	""	""	""	""	""	"999"	""
""	""	""	""	""	""	""	"or foreign resident"
"117-131"	"15"	"FILLER"	"Filler"	""	""	"Blank"	""
"132"	"1"	"RCNTY_POP"	"Population of Residence County"	""	"U,R"	"0"	""
""	""	""	"(This item is available in the territory file only,"	""	""	"1"	""
""	""	""	"geographic codes are not available in the U.S. file)"	""	""	"2"	""
""	""	""	""	""	""	"3"	""
""	""	""	""	""	""	"9"	""
""	""	""	""	""	""	"Z"	""
"133-136"	"4"	"FILLER"	"Filler"	""	""	"Blank"	""
"137"	"1"	"RECTYPE"	"Record Type"	""	"U,R"	"1"	""
""	""	""	"(This item is available in the territory file only,"	""	""	""	"and residence are the same."
""	""	""	"geographic codes are not available in the U.S. file)"	""	""	"2"	""
""	""	""	""	""	""	""	"and residence are different."
"138"	"1"	"RESTATUS"	"Residence Status"	""	"U,R"	""	""
""	""	""	"United States"	""	""	"1"	""
""	""	""	""	""	""	""	"are the same."
""	""	""	""	""	""	"2"	""
""	""	""	""	""	""	""	"residence are the same but county is different."
""	""	""	""	""	""	"3"	""
""	""	""	""	""	""	""	"residence are different but both are one of the 50 US states"
""	""	""	""	""	""	""	"or District of Columbia."
""	""	""	""	""	""	"4"	""
""	""	""	""	""	""	""	"the 50 US states or District of Columbia."
""	""	""	"Outlying Areas of the United States"	""	""	"1"	""
""	""	""	""	""	""	""	"occurrence and residence are the same. (Unique to Guam,"
""	""	""	""	""	""	""	"all US residents are considered residents of Guam and thus"
""	""	""	""	""	""	""	"are assigned 1.)"
""	""	""	""	""	""	"2"	""
""	""	""	""	""	""	""	"and residence are the same but county is different."
""	""	""	""	""	""	"3"	""
""	""	""	""	""	""	""	"residence are different but both are US Territories."
""	""	""	""	""	""	"4"	""
""	""	""	""	""	""	""	"Territory."
"139-140"	"2"	"MBRACE"	"Mother's Bridged Race"	""	"R**"	"01"	""
""	""	""	"Includes only states reporting multiple race. Codes"	""	""	"02"	""
""	""	""	"01-14 used for individuals reporting only one race."	""	""	"03"	""
""	""	""	"Codes 21-24 used for individuals reporting more than"	""	""	"04"	""
""	""	""	"one race that have been bridged to a single race."	""	""	"05"	""
""	""	""	"Code 24 also used for individuals reporting"	""	""	"06"	""
""	""	""	"more than one Asian/Pacific Islander group;"	""	""	"07"	""
""	""	""	"see 'Technical Appendix.'"	""	""	"08"	""
""	""	""	""	""	""	"09"	""
""	""	""	"** Also includes unrevised states that report multiple"	""	""	"10"	""
""	""	""	"race."	""	""	"11"	""
""	""	""	""	""	""	"12"	""
""	""	""	""	""	""	"13"	""
""	""	""	""	""	""	"14"	""
""	""	""	""	""	""	"21"	""
""	""	""	""	""	""	"22"	""
""	""	""	""	""	""	"23"	""
""	""	""	""	""	""	"24"	""
""	""	""	""	""	""	"Blank"	""
"141-142"	"2"	"MRACE"	"Mother's Race"	""	"U"	""	""
""	""	""	"Includes only states exclusively reporting single"	""	""	""	""
""	""	""	"race. Some areas report additional Asian or"	""	""	""	""
""	""	""	"Pacific Islander (API) codes for race. Codes"	""	""	""	""
""	""	""	"18-68 replace old code 08 for these areas. Code"	""	""	""	""
""	""	""	"78 replaces old code 08 for all other areas. See"	""	""	""	""
""	""	""	"reporting flag at pos.650 for expanded API"	""	""	""	""
""	""	""	"reporting area."	""	""	""	""
""	""	""	"United States"	""	""	"01"	""
""	""	""	""	""	""	"02"	""
""	""	""	""	""	""	"03"	""
""	""	""	""	""	""	"04"	""
""	""	""	""	""	""	"05"	""
""	""	""	""	""	""	"06"	""
""	""	""	""	""	""	"07"	""
""	""	""	""	""	""	"18"	""
""	""	""	""	""	""	"28"	""
""	""	""	""	""	""	"38"	""
""	""	""	""	""	""	"48"	""
""	""	""	""	""	""	"58"	""
""	""	""	""	""	""	"68"	""
""	""	""	""	""	""	""	"codes 18-58."
""	""	""	""	""	""	"78"	""
""	""	""	""	""	""	""	"for areas that do not report them separately."
""	""	""	""	""	""	"Blank"	""
""	""	""	"Puerto Rico"	""	""	"01"	""
""	""	""	""	""	""	"02"	""
""	""	""	""	""	""	"00"	""
""	""	""	""	""	""	"Blank"	""
""	""	""	"Guam"	""	""	"01"	""
""	""	""	""	""	""	"02"	""
""	""	""	""	""	""	"03"	""
""	""	""	""	""	""	"04"	""
""	""	""	""	""	""	"05"	""
""	""	""	""	""	""	"06"	""
""	""	""	""	""	""	"07"	""
""	""	""	""	""	""	"08"	""
""	""	""	""	""	""	"58"	""
""	""	""	""	""	""	"Blank"	""
""	""	""	"All other Outlying Areas of the United States"	""	""	"01"	""
""	""	""	""	""	""	"02"	""
""	""	""	""	""	""	"03"	""
""	""	""	""	""	""	"04"	""
""	""	""	""	""	""	"05"	""
""	""	""	""	""	""	"06"	""
""	""	""	""	""	""	"07"	""
""	""	""	""	""	""	"08"	""
""	""	""	""	""	""	"Blank"	""
"143"	"1"	"MRACEREC"	"Mother's Race Recode"	""	"U,R"	""	""
""	""	""	"Includes individuals reporting only one race and"	""	""	""	""
""	""	""	"individuals reporting more than one race bridged"	""	""	""	""
""	""	""	"to a single race."	""	""	""	""
""	""	""	"United States and all Outlying Areas of"	""	""	"1"	""
""	""	""	"the United States except Puerto Rico"	""	""	"2"	""
""	""	""	""	""	""	"3"	""
""	""	""	""	""	""	"4"	""
""	""	""	"Puerto Rico"	""	""	"1"	""
""	""	""	""	""	""	"2"	""
""	""	""	""	""	""	"0"	""
"144"	"1"	"MRACEIMP"	"Mother's Race Imputed Flag"	""	"U,R"	"Blank"	""
""	""	""	""	""	""	"1"	""
""	""	""	""	""	""	"2"	""
"145-147"	"3"	"FILLER"	"Filler"	""	""	"Blank"	""
"148"	"1"	"UMHISP"	"Mother's Hispanic Origin"	""	""	""	""
""	""	""	""	"569"	"U,R"	"0"	""
""	""	""	""	""	""	"1"	""
""	""	""	""	""	""	"2"	""
""	""	""	""	""	""	"3"	""
""	""	""	""	""	""	"4"	""
""	""	""	""	""	""	"5"	""
""	""	""	""	""	""	"9"	""
"149"	"1"	"MRACEHISP"	"Mother's Race/Hispanic Origin"	""	""	""	""
""	""	""	""	"569"	"U,R"	"1"	""
""	""	""	""	""	""	"2"	""
""	""	""	""	""	""	"3"	""
""	""	""	""	""	""	"4"	""
""	""	""	""	""	""	"5"	""
""	""	""	""	""	""	"6"	""
""	""	""	""	""	""	"7"	""
""	""	""	""	""	""	"8"	""
""	""	""	""	""	""	"9"	""
"150-152"	"3"	"FILLER"	"Filler"	""	""	"Blank"	""
"153"	"1"	"MAR"	"Mother's Marital Status"	""	"U,R"	""	""
""	""	""	"United States and all Outlying Areas of"	""	""	"1"	""
""	""	""	"the United States except Puerto Rico"	""	""	"2"	""
""	""	""	""	""	""	"9"	""
""	""	""	"Puerto Rico"	""	""	"1"	""
""	""	""	""	""	""	"2"	""
""	""	""	""	""	""	"3"	""
""	""	""	""	""	""	"9"	""
"154"	"1"	"MAR_IMP"	"Mother's Marital Status Imputed Flag"	""	"U,R"	"Blank"	""
""	""	""	""	""	""	"1"	""
"155"	"1"	"MEDUC"	"Mother's Education"	"571"	"R"	"th"	"grade or less"
""	""	""	""	""	""	"th"	"through 12th grade with no diploma"
""	""	""	""	""	""	"3"	""
""	""	""	""	""	""	"4"	""
""	""	""	""	""	""	"5"	""
""	""	""	""	""	""	"6"	""
""	""	""	""	""	""	"7"	""
""	""	""	""	""	""	"8"	""
""	""	""	""	""	""	""	"DVM, LLB, JD)"
""	""	""	""	""	""	"9"	""
""	""	""	""	""	""	"Blank"	""
"156-157"	"2"	"DMEDUC"	"Mother's Education"	"647"	"U"	"00"	""
""	""	""	""	""	""	"01-08"	""
""	""	""	""	""	""	"09"	""
""	""	""	""	""	""	"10"	""
""	""	""	""	""	""	"11"	""
""	""	""	""	""	""	"12"	""
""	""	""	""	""	""	"13"	""
""	""	""	""	""	""	"14"	""
""	""	""	""	""	""	"15"	""
""	""	""	""	""	""	"16"	""
""	""	""	""	""	""	"17"	""
""	""	""	""	""	""	"99"	""
""	""	""	""	""	""	"Blank"	""
"158"	"1"	"MEDUC_REC"	"Mother's Education Recode"	""	""	""	""
""	""	""	""	"647"	"U"	"1"	""
""	""	""	""	""	""	"2"	""
""	""	""	""	""	""	"3"	""
""	""	""	""	""	""	"4"	""
""	""	""	""	""	""	"5"	""
""	""	""	""	""	""	"6"	""
""	""	""	""	""	""	"Blank"	""
"159-174"	"16"	"FILLER"	"Filler"	""	""	"Blank"	""
"175"	"1"	"FAGERPT_FLG"	"Father's Reported Age Used"	""	"U,R"	"Blank"	""
""	""	""	""	""	""	"1"	""
"176-181"	"6"	"FILLER"	"Filler"	""	""	"Blank"	""
"182-183"	"2"	"FAGECOMB"	"Father's Combined Age (Revised)"	""	"R"	"09-98"	""
""	""	""	""	"571"	""	"99"	""
""	""	""	""	""	""	"Blank"	""
"184-185"	"2"	"UFAGECOMB"	"Father's Combined Age"	""	"U,R"	"10-98"	""
""	""	""	""	"647"	""	"99"	""
"186-187"	"2"	"FAGEREC11"	"Father's Age Recode 11"	""	"U,R"	"01"	""
""	""	""	""	""	""	"02"	""
""	""	""	""	""	""	"03"	""
""	""	""	""	""	""	"04"	""
""	""	""	""	""	""	"05"	""
""	""	""	""	""	""	"06"	""
""	""	""	""	""	""	"07"	""
""	""	""	""	""	""	"08"	""
""	""	""	""	""	""	"09"	""
""	""	""	""	""	""	"10"	""
""	""	""	""	""	""	"11"	""
"188-189"	"2"	"FBRACE"	"Father's Bridged Race"	""	"R**"	"01"	""
""	""	""	"Includes only states reporting multiple race. Codes"	""	""	"02"	""
""	""	""	"01-14 used for individuals reporting only one race."	""	""	"03"	""
""	""	""	"Codes 21-24 used for individuals reporting more than"	""	""	"04"	""
""	""	""	"one race that have been bridged to a single race."	""	""	"05"	""
""	""	""	"Code 24 also used for individuals reporting"	""	""	"06"	""
""	""	""	"more than one Asian/Pacific Islander group;"	""	""	"07"	""
""	""	""	"see 'Technical Appendix.'"	""	""	"08"	""
""	""	""	""	""	""	"09"	""
""	""	""	"** Also includes unrevised states that report multiple"	""	""	"10"	""
""	""	""	"race."	""	""	"11"	""
""	""	""	""	""	""	"12"	""
""	""	""	""	""	""	"13"	""
""	""	""	""	""	""	"14"	""
""	""	""	""	""	""	"21"	""
""	""	""	""	""	""	"22"	""
""	""	""	""	""	""	"23"	""
""	""	""	""	""	""	"24"	""
""	""	""	""	""	""	"99"	""
""	""	""	""	""	""	""	"multiple race."
""	""	""	""	""	""	"Blank"	""
"190"	"1"	"FILLER"	"Filler"	""	""	"Blank"	""
"191"	"1"	"FRACEREC"	"Father's Race Recode"	""	"U,R"	""	""
""	""	""	"Includes individuals reporting only one race and"	""	""	""	""
""	""	""	"individuals reporting more than one race bridged"	""	""	""	""
""	""	""	"to a single race."	""	""	""	""
""	""	""	"United States and all Outlying Areas of"	""	""	"1"	""
""	""	""	"the United States except Puerto Rico"	""	""	"2"	""
""	""	""	""	""	""	"3"	""
""	""	""	""	""	""	"4"	""
""	""	""	""	""	""	"9"	""
""	""	""	"Puerto Rico"	""	""	"1"	""
""	""	""	""	""	""	"2"	""
""	""	""	""	""	""	"9"	""
""	""	""	""	""	""	"0"	""
"192-194"	"3"	"FILLER"	"Filler"	""	""	"Blank"	""
"195"	"1"	"UFHISP"	"Father's Hispanic Origin"	""	""	""	""
""	""	""	""	"570"	"U,R"	"0"	""
""	""	""	""	""	""	"1"	""
""	""	""	""	""	""	"2"	""
""	""	""	""	""	""	"3"	""
""	""	""	""	""	""	"4"	""
""	""	""	""	""	""	"5"	""
""	""	""	""	""	""	"9"	""
"196"	"1"	"FRACEHISP"	"Father's Race/Hisp Origin"	""	""	""	""
""	""	""	""	"570"	"U,R"	"1"	""
""	""	""	""	""	""	"2"	""
""	""	""	""	""	""	"3"	""
""	""	""	""	""	""	"4"	""
""	""	""	""	""	""	"5"	""
""	""	""	""	""	""	"6"	""
""	""	""	""	""	""	"7"	""
""	""	""	""	""	""	"8"	""
""	""	""	""	""	""	"9"	""
"197-198"	"2"	"FILLER"	"Filler"	""	""	"Blank"	""
"199-200"	"2"	"FRACE"	"Father's Race"	""	"U"	""	""
""	""	""	"United States"	""	""	"01"	""
""	""	""	""	""	""	"02"	""
""	""	""	""	""	""	"03"	""
""	""	""	""	""	""	"04"	""
""	""	""	""	""	""	"05"	""
""	""	""	""	""	""	"06"	""
""	""	""	""	""	""	"07"	""
""	""	""	""	""	""	"18"	""
""	""	""	""	""	""	"28"	""
""	""	""	""	""	""	"38"	""
""	""	""	""	""	""	"48"	""
""	""	""	""	""	""	"58"	""
""	""	""	""	""	""	"68"	""
""	""	""	""	""	""	""	"codes 18-58."
""	""	""	""	""	""	"78"	""
""	""	""	""	""	""	""	"for areas that do not report them separately."
""	""	""	""	""	""	"99"	""
""	""	""	""	""	""	"Blank"	""
""	""	""	"Puerto Rico"	""	""	"01"	""
""	""	""	""	""	""	"02"	""
""	""	""	""	""	""	"00"	""
""	""	""	""	""	""	"99"	""
""	""	""	""	""	""	"Blank"	""
""	""	""	"Guam"	""	""	"01"	""
""	""	""	""	""	""	"02"	""
""	""	""	""	""	""	"03"	""
""	""	""	""	""	""	"04"	""
""	""	""	""	""	""	"05"	""
""	""	""	""	""	""	"06"	""
""	""	""	""	""	""	"07"	""
""	""	""	""	""	""	"08"	""
""	""	""	""	""	""	"58"	""
""	""	""	""	""	""	"99"	""
""	""	""	""	""	""	"Blank"	""
""	""	""	"All other Outlying Areas of the United States"	""	""	"01"	""
""	""	""	""	""	""	"02"	""
""	""	""	""	""	""	"03"	""
""	""	""	""	""	""	"04"	""
""	""	""	""	""	""	"05"	""
""	""	""	""	""	""	"06"	""
""	""	""	""	""	""	"07"	""
""	""	""	""	""	""	"08"	""
""	""	""	""	""	""	"99"	""
""	""	""	""	""	""	"Blank"	""
"201-211"	"11"	"FILLER"	"Filler"	""	""	"Blank"	""
"212"	"1"	"LBO_REC"	"Live Birth Order Recode"	""	"U,R"	"1-7"	""
""	""	""	""	""	""	"8"	""
""	""	""	""	""	""	"9"	""
"213-216"	"4"	"FILLER"	"Filler"	""	""	"Blank"	""
"217"	"1"	"TBO_REC"	"Total Birth Order Recode"	""	"U,R"	"1-7"	""
""	""	""	""	""	""	"8"	""
""	""	""	""	""	""	"9"	""
"218-244"	"27"	"FILLER"	"Filler"	""	""	"Blank"	""
"245-246"	"2"	"PRECARE"	"Month Prenatal Care Began"	""	""	""	""
""	""	""	""	"668"	"R"	"00"	""
""	""	""	""	""	""	"01-10"	""
""	""	""	""	""	""	"99"	""
""	""	""	""	""	""	"Blank"	""
"247"	"1"	"PRECARE_REC"	"Moth Prenatal Care Began Recode"	""	""	""	""
""	""	""	""	"668"	"R"	"st"	"to 3rd month"
""	""	""	""	""	""	"th"	"to 6th month"
""	""	""	""	""	""	"th"	"to final month"
""	""	""	""	""	""	"4"	""
""	""	""	""	""	""	"5"	""
""	""	""	""	""	""	"Blank"	""
"248-255"	"8"	"FILLER"	"Filler"	""	""	"Blank"	""
"256-257"	"2"	"MPCB"	"Month Prenatal Care Began"	""	""	""	""
""	""	""	""	"669"	"U"	"00"	""
""	""	""	""	""	""	"01-10"	""
""	""	""	""	""	""	"99"	""
""	""	""	""	""	""	"Blank"	""
"258"	"1"	"MPCB_REC6"	"Month Prenatal Care Began Recode 6"	""	""	""	""
""	""	""	""	"669"	"U"	"st"	"to 2nd month"
""	""	""	""	""	""	"rd"	"month"
""	""	""	""	""	""	"th"	"to 6th month"
""	""	""	""	""	""	"th"	"to final month"
""	""	""	""	""	""	"5"	""
""	""	""	""	""	""	"6"	""
""	""	""	""	""	""	"Blank"	""
"259"	"1"	"MPCB_REC5"	"Month Prenatal Care Began Recode 5"	""	""	""	""
""	""	""	""	"669"	"U"	"st"	"trimester (1st to 3rd month)"
""	""	""	""	""	""	"nd"	"trimester (4th to 6th month)"
""	""	""	""	""	""	"rd"	"trimester (7th to final month)"
""	""	""	""	""	""	"4"	""
""	""	""	""	""	""	"5"	""
""	""	""	""	""	""	"Blank"	""
"260-269"	"10"	"FILLER"	"Filler"	""	""	"Blank"	""
"270-271"	"2"	"UPREVIS"	"Number of Prenatal Visits"	""	"U,R"	"00-49"	""
""	""	""	""	"671"	""	"99"	""
"272-273"	"2"	"PREVIS_REC"	"Number of Prenatal Visits Recode"	""	"U,R"	"01"	""
""	""	""	""	"671"	""	"02"	""
""	""	""	""	""	""	"03"	""
""	""	""	""	""	""	"04"	""
""	""	""	""	""	""	"05"	""
""	""	""	""	""	""	"06"	""
""	""	""	""	""	""	"07"	""
""	""	""	""	""	""	"08"	""
""	""	""	""	""	""	"09"	""
""	""	""	""	""	""	"10"	""
""	""	""	""	""	""	"11"	""
""	""	""	""	""	""	"12"	""
"274-275"	"2"	"FILLER"	"Filler"	""	""	"Blank"	""
"276-277"	"2"	"WTGAIN"	"Weight Gain"	"648"	"U,R"	"00-97"	""
""	""	""	""	""	""	"98"	""
""	""	""	""	""	""	"99"	""
"278"	"1"	"WTGAIN_REC"	"Weight Gain Recode"	"648"	"U,R"	"1"	""
""	""	""	""	""	""	"2"	""
""	""	""	""	""	""	"3"	""
""	""	""	""	""	""	"4"	""
""	""	""	""	""	""	"5"	""
""	""	""	""	""	""	"9"	""
"279"	"1"	"FILLER"	"Filler"	""	""	"Blank"	""
"280"	"1"	"DFPC_IMP"	"Day of Date First Prenatal Care Imputed"	""	"R"	"Blank"	""
""	""	""	""	""	""	"1"	""
"281-283"	"3"	"FILLER"	"Filler"	""	""	"Blank"	""
"284-285"	"2"	"CIG_1"	"st Trimester"	"575"	"R"	"00-97"	""
""	""	""	""	""	""	"98"	""
""	""	""	""	""	""	"99"	""
""	""	""	""	""	""	"Blank"	""
"286-287"	"2"	"CIG_2"	"nd Trimester"	"575"	"R"	"00-97"	""
""	""	""	""	""	""	"98"	""
""	""	""	""	""	""	"99"	""
""	""	""	""	""	""	"Blank"	""
"288-289"	"2"	"CIG_3"	"rd Trimester"	"575"	"R"	"00-97"	""
""	""	""	""	""	""	"98"	""
""	""	""	""	""	""	"99"	""
""	""	""	""	""	""	"Blank"	""
"290"	"1"	"TOBUSE"	"Tobacco Use"	"667"	"U"	"1"	""
""	""	""	""	""	""	"2"	""
""	""	""	""	""	""	"9"	""
""	""	""	""	""	""	"Blank"	""
"291-292"	"2"	"CIGS"	"Cigarettes per Day"	""	"U"	"00-97"	""
""	""	""	""	""	""	"98"	""
""	""	""	""	""	""	"99"	""
""	""	""	""	""	""	"Blank"	""
"293"	"1"	"CIG_REC6"	"Cigarette Recode"	""	"U"	"0"	""
""	""	""	""	""	""	"1"	""
""	""	""	""	""	""	"2"	""
""	""	""	""	""	""	"3"	""
""	""	""	""	""	""	"4"	""
""	""	""	""	""	""	"5"	""
""	""	""	""	""	""	"6"	""
""	""	""	""	""	""	"Blank"	""
"294"	"1"	"CIG_REC"	"Cigarette Recode"	"575"	"R"	"Y"	""
""	""	""	""	""	""	"N"	""
""	""	""	""	""	""	"U"	""
""	""	""	""	""	""	"Blank"	""
"295-304"	"10"	"FILLER"	"Filler"	""	""	"Blank"	""
"305-307"	"3"	"PWGT"	"Prepregnancy Weight"	"577"	"R"	"074"	""
""	""	""	""	""	""	"075-374"	"75 ? 374 pounds"
""	""	""	""	""	""	"375"	""
""	""	""	""	""	""	"999"	""
"308"	"1"	"FILLER"	"Filler"	""	""	"Blank"	""
"309-311"	"3"	"DWGT"	"Maternal Delivery Weight 578"	""	"R"	"099"	""
""	""	""	""	""	""	"100-399"	"100 ? 399 pounds"
""	""	""	""	""	""	"400"	""
""	""	""	""	""	""	"999"	""
"312"	"1"	"FILLER"	"Filler"	""	""	"Blank"	""
"313-319"	"9"	"Risk"	"Factors (Revised)"	""	""	""	""
""	""	"The"	"checkbox items below follow this code structure:"	""	""	"Y"	""
""	""	""	""	""	""	"N"	""
""	""	""	""	""	""	"U"	""
""	""	""	""	""	""	"Blank"	""
"313"	"1"	"RF_DIAB"	"Prepregnancy Diabetes"	"582"	"R"	""	""
"314"	"1"	"RF_GEST"	"Gestational Diabetes"	"583"	"R"	""	""
"315"	"1"	"RF_PHYP"	"Prepregnancy Hypertension"	""	""	""	""
""	""	""	""	"584"	"R"	""	""
"316"	"1"	"RF_GHYP"	"Gestational Hypertension"	"585"	"R"	""	""
"317"	"1"	"RF_ECLAM"	"Eclampsia"	"586"	"R"	""	""
"318"	"1"	"RF_PPTERM"	"Previous Preterm Birth"	"587"	"R"	""	""
"319"	"1"	"RF_PPOUTC"	"Poor Pregnancy Outcome"	"588"	"R"	""	""
"320-323"	"4"	"FILLER"	"Filler"	""	""	"Blank"	""
"324"	"1"	"RF_CESAR"	"Previous Cesarean Deliveries"	""	""	""	""
""	""	""	""	"593"	"R"	"Y"	""
""	""	""	""	""	""	"N"	""
""	""	""	""	""	""	"U"	""
""	""	""	""	""	""	"Blank"	""
"325-326"	"2"	"RF_CESARN"	"Number of Previous Cesarean Deliveries"	""	""	""	""
""	""	""	""	"594"	"R"	"00"	""
""	""	""	""	""	""	"01-30"	""
""	""	""	""	""	""	"99"	""
""	""	""	""	""	""	"Blank"	""
"327"	"1"	"FILLER"	"Filler"	""	""	"Blank"	""
"328-344"	"17"	"Risk"	"Factors"	""	""	""	""
""	""	"The"	"checkbox items below follow this structure:"	""	""	"1"	""
""	""	"The"	"version is all 1989 Standard unless otherwise noted."	""	""	"2"	""
""	""	""	""	""	""	"9"	""
""	""	""	""	""	""	"Blank"	""
"328-330"	"3"	"FILLER"	"Filler"	""	""	""	""
"331"	"1"	"URF_DIAB"	"Diabetes"	"684"	"U,R"	""	""
"332-334"	"3"	"FILLER"	"Filler"	""	""	""	""
"335"	"1"	"URF_CHYPER"	"Chronic Hypertension"	"688"	"U,R"	""	""
"336"	"1"	"URF_PHYPER"	"Pregnancy Associated Hypertension"	""	""	""	""
""	""	""	""	"689"	"U,R"	""	""
"337"	"1"	"URF_ECLAM"	"Eclampsia"	"690"	"U,R"	""	""
"338-344"	"7"	"FILLER"	"Filler"	""	""	""	""
"345-350"	"6"	"FILLER"	"Filler"	""	""	"Blank"	""
"351-354"	"4"	"Obstetric"	"Procedures (Revised)"	""	""	""	""
""	""	"The"	"checkbox items below follow this structure:"	""	""	"Y"	""
""	""	""	""	""	""	"N"	""
""	""	""	""	""	""	"U"	""
""	""	""	""	""	""	"Blank"	""
"351"	"1"	"OP_CERV"	"Cervical Cerclage"	"601"	"R"	""	""
"352"	"1"	"OP_TOCOL"	"Tocolysis"	"602"	"R"	""	""
"353"	"1"	"OP_ECVS"	"Successful External Cephalic Version"	""	""	""	""
""	""	""	""	"603"	"R"	""	""
"354"	"1"	"OP_ECVF"	"Failed External Cephalic Version"	""	""	""	""
""	""	""	""	"604"	"R"	""	""
"355-361"	"7"	"Obstetric"	"Procedures"	""	""	""	""
""	""	"The"	"checkbox items below follow this structure:"	""	""	"1"	""
""	""	"The"	"version is all 1989 Standard unless otherwise noted."	""	""	"2"	""
""	""	""	""	""	""	"9"	""
""	""	""	""	""	""	"Blank"	""
"355-356"	"2"	"FILLER"	"Filler"	""	""	""	""
"357"	"1"	"UOP_INDUC"	"Induction of Labor"	"703"	"U,R"	""	""
"358"	"1"	"FILLER"	"Filler"	""	""	""	""
"359"	"1"	"UOP_TOCOL"	"Tocolysis"	"705"	"U,R"	""	""
"360-361"	"2"	"FILLER"	"Filler"	""	""	""	""
"362-364"	"3"	"Onset"	"of Labor"	""	""	"Y"	""
""	""	"The"	"checkbox items below follow this structure:"	""	""	"N"	""
""	""	""	""	""	""	"U"	""
""	""	""	""	""	""	"Blank"	""
"362"	"1"	"ON_RUPTR"	"Premature Rupture of Membrane"	""	""	""	""
""	""	""	""	"605"	"R"	""	""
"363"	"1"	"ON_PRECIP"	"Precipitous Labor"	"606"	"R"	""	""
"364"	"1"	"ON_PROL"	"Prolonged Labor"	"607"	"R"	""	""
"365-373"	"9"	"Characteristics"	"of Labor and Delivery (Revised)"	""	""	""	""
""	""	"The"	"checkbox items below follow this structure:"	""	""	"Y"	""
""	""	""	""	""	""	"N"	""
""	""	""	""	""	""	"U"	""
""	""	""	""	""	""	"Blank"	""
"365"	"1"	"LD_INDL"	"Induction of Labor"	"608"	"R"	""	""
"366"	"1"	"LD_AUGM"	"Augmentation of Labor"	"609"	"R"	""	""
"367"	"1"	"LD_NVPR"	"Non-Vertex Presentation"	"610"	"R"	""	""
"368"	"1"	"LD_STER"	"Steroids"	"611"	"R"	""	""
"369"	"1"	"LD_ANTI"	"Antibiotics"	"612"	"R"	""	""
"370"	"1"	"LD_CHOR"	"Chorioamnionitis"	"613"	"R"	""	""
"371"	"1"	"LD_MECS"	"Meconium Staining"	"614"	"R"	""	""
"372"	"1"	"LD_FINT"	"Fetal Intolerance"	"615"	"R"	""	""
"373"	"1"	"LD_ANES"	"Anesthesia"	"616"	"R"	""	""
"374-389"	"16"	"Complications"	"of Labor and Delivery"	""	""	""	""
""	""	"The"	"checkbox items below follow this structure:"	""	""	"1"	""
""	""	"The"	"version is all 1989 Standard unless otherwise noted."	""	""	"2"	""
""	""	""	""	""	""	"9"	""
""	""	""	""	""	""	"Blank"	""
"374"	"1"	"FILLER"	"Filler"	""	""	""	""
"375"	"1"	"ULD_MECO"	"Meconium"	"712"	"U,R"	""	""
"376-380"	"5"	"FILLER"	"Filler"	""	""	""	""
"381"	"1"	"ULD_PRECIP"	"Precipitous Labor"	"718"	"U,R"	""	""
"382-383"	"2"	"FILLER"	"Filler"	""	""	""	""
"384"	"1"	"ULD_BREECH"	"Breech"	"721"	"U,R"	""	""
"385-389"	"5"	"FILLER"	"Filler"	""	""	""	""
"390-394"	"5"	"Method"	"of Delivery (Revised)"	""	""	""	""
"390"	"1"	"ME_ATTF"	"Attempted Forceps"	"617"	"R"	"Y"	""
""	""	""	""	""	""	"N"	""
""	""	""	""	""	""	"U"	""
""	""	""	""	""	""	"Blank"	""
"391"	"1"	"ME_ATTV"	"Attempted Vacuum"	"618"	"R"	"Y"	""
""	""	""	""	""	""	"N"	""
""	""	""	""	""	""	"U"	""
""	""	""	""	""	""	"Blank"	""
"392"	"1"	"ME_PRES"	"Fetal Presentation"	"619"	"R"	"1"	""
""	""	""	""	""	""	"2"	""
""	""	""	""	""	""	"3"	""
""	""	""	""	""	""	"9"	""
""	""	""	""	""	""	"Blank"	""
"393"	"1"	"ME_ROUT"	"Route & Method of Delivery"	""	""	""	""
""	""	""	""	"620"	"R"	"1"	""
""	""	""	""	""	""	"2"	""
""	""	""	""	""	""	"3"	""
""	""	""	""	""	""	"4"	""
""	""	""	""	""	""	"9"	""
""	""	""	""	""	""	"Blank"	""
"394"	"1"	"ME_TRIAL"	"Trial of Labor Attempted"	"621"	"R"	"Y"	""
""	""	""	""	""	""	"N"	""
""	""	""	""	""	""	"X"	""
""	""	""	""	""	""	"U"	""
""	""	""	""	""	""	"Blank"	""
"395-400"	"6"	"Method"	"of Delivery (Unrevised)"	""	""	""	""
""	""	"The"	"checkbox items indented below follow this structure:"	""	""	"1"	""
""	""	""	""	""	""	"2"	""
""	""	""	""	""	""	"9"	""
"395"	"1"	"UME_VAG"	"Vaginal"	"730"	"U"	""	""
"396"	"1"	"UME_VBAC"	"Vaginal after cesarean"	"731"	"U"	""	""
"397"	"1"	"UME_PRIMC"	"Primary cesarean"	"732"	"U"	""	""
"398"	"1"	"UME_REPEC"	"Repeat cesarean"	"733"	"U"	""	""
"399"	"1"	"UME_FORCP"	"Forceps"	"734"	"U,R"	""	""
"400"	"1"	"UME_VAC"	"Vacuum"	"735"	"U,R"	""	""
"401"	"1"	"RDMETH_REC"	"Delivery Method Recode (Revised)"	""	"R"	"1"	""
""	""	""	""	"679"	""	"2"	""
""	""	""	""	""	""	"3"	""
""	""	""	""	""	""	"4"	""
""	""	""	""	""	""	"5"	""
""	""	""	""	""	""	""	"only)"
""	""	""	""	""	""	"6"	""
""	""	""	""	""	""	""	"only)"
""	""	""	""	""	""	"9"	""
"402"	"1"	"UDMETH_REC"	"Delivery Method Recode (Unrevised)"	""	"U"	"1"	""
""	""	""	""	"680"	""	"2"	""
""	""	""	""	""	""	"3"	""
""	""	""	""	""	""	"4"	""
""	""	""	""	""	""	"9"	""
"403"	"1"	"DMETH_REC"	""	""	"U,R"	"1"	""
""	""	""	""	""	""	"2"	""
""	""	""	""	""	""	"9"	""
"404-409"	"6"	"FILLER"	"Filler"	""	""	"Blank"	""
"410"	"1"	"ATTEND"	"Attendant"	""	"U,R"	"1"	""
""	""	""	""	""	""	"2"	""
""	""	""	""	""	""	"3"	""
""	""	""	""	""	""	"4"	""
""	""	""	""	""	""	"5"	""
""	""	""	""	""	""	"9"	""
"411-414"	"4"	"FILLER"	"Filler"	""	""	"Blank"	""
"415-416"	"2"	"APGAR5"	"Five Minute APGAR Score"	""	""	""	""
""	""	""	""	"574"	"U,R"	"00-10"	""
""	""	""	""	""	""	"99"	""
"417"	"1"	"APGAR5R"	"Five Minute APGAR Recode"	""	""	""	""
""	""	""	""	"574"	"U,R"	"1"	""
""	""	""	""	""	""	"2"	""
""	""	""	""	""	""	"3"	""
""	""	""	""	""	""	"4"	""
""	""	""	""	""	""	"5"	""
"418-422"	"5"	"FILLER"	"Filler"	""	""	"Blank"	""
"423"	"1"	"DPLURAL"	"Plurality Recode"	""	"U,R"	"1"	""
""	""	""	""	""	""	"2"	""
""	""	""	""	""	""	"3"	""
""	""	""	""	""	""	"4"	""
""	""	""	""	""	""	"5"	""
"424"	"1"	"FILLER"	"Filler"	""	""	"Blank"	""
"425"	"1"	"IMP_PLUR"	"Plurality Imputed"	""	"U,R"	"Blank"	""
""	""	""	""	""	""	"1"	""
"426-435"	"10"	"FILLER"	"Filler"	""	""	"Blank"	""
"436"	"1"	"SEX"	"Sex of Infant"	""	"U,R"	"M"	""
""	""	""	""	""	""	"F"	""
"437"	"1"	"IMP_SEX"	"Imputed Sex"	""	"U,R"	"Blank"	""
""	""	""	""	""	""	"1"	""
"438-439"	"2"	"DLMP_MM"	"Last Normal Menses - Month"	""	"U,R"	"01"	""
""	""	""	""	""	""	"02"	""
""	""	""	""	""	""	"03"	""
""	""	""	""	""	""	"04"	""
""	""	""	""	""	""	"05"	""
""	""	""	""	""	""	"06"	""
""	""	""	""	""	""	"07"	""
""	""	""	""	""	""	"08"	""
""	""	""	""	""	""	"09"	""
""	""	""	""	""	""	"10"	""
""	""	""	""	""	""	"11"	""
""	""	""	""	""	""	"12"	""
""	""	""	""	""	""	"99"	""
"440-441"	"2"	"FILLER"	"Filler"	""	""	"Blank"	""
"442-445"	"4"	"DLMP_YY"	"Last Normal Menses - Year"	""	"U,R"	"nnnn"	""
""	""	""	""	""	""	"9999"	""
"446-447"	"2"	"ESTGEST"	"Obstetric/Clinical Gestation Est."	""	""	""	""
""	""	""	""	"573"	"U,R"	"th"	"week of gestation"
""	""	""	""	""	""	"99"	""
"448-450"	"3"	"FILLER"	"Filler"	""	""	"Blank"	""
"451-452"	"2"	"COMBGEST"	"Gestation ? Detail in Weeks 670"	""	"U,R"	"th"	"through 47th week of Gestation"
""	""	""	""	""	""	"99"	""
"453-454"	"2"	"GESTREC10"	"Gestation Recode 10"	""	"U,R"	"01"	""
""	""	""	""	""	""	"02"	""
""	""	""	""	""	""	"03"	""
""	""	""	""	""	""	"04"	""
""	""	""	""	""	""	"05"	""
""	""	""	""	""	""	"06"	""
""	""	""	""	""	""	"07"	""
""	""	""	""	""	""	"08"	""
""	""	""	""	""	""	"09"	""
""	""	""	""	""	""	"10"	""
""	""	""	""	""	""	"99"	""
"455"	"1"	"GESTREC3"	"Gestation Recode 3"	""	"U,R"	"1"	""
""	""	""	""	""	""	"2"	""
""	""	""	""	""	""	"3"	""
"456"	"1"	"OBGEST_FLG"	"Obstetric/Clinical Est. of Gestation Used Flag U,R"	""	""	"Blank"	""
""	""	""	""	""	""	"1"	""
"457"	"1"	"GEST_IMP"	"Gestation Imputed Flag"	""	"U,R"	"Blank"	""
""	""	""	""	""	""	"1"	""
"458-462"	"5"	"FILLER"	"Filler"	""	""	"Blank"	""
"463-466"	"4"	"DBWT"	"Birth Weight ? Detail in Grams"	""	"U,R"	"0227-8165"	"Number of grams"
"467-470"	"4"	"FILLER"	"Filler"	""	""	"Blank"	""
"471-472"	"2"	"BWTR12"	"Birth Weight Recode 12"	""	"U,R"	"01"	""
""	""	""	""	""	""	"02"	""
""	""	""	""	""	""	"03"	""
""	""	""	""	""	""	"04"	""
""	""	""	""	""	""	"05"	""
""	""	""	""	""	""	"06"	""
""	""	""	""	""	""	"07"	""
""	""	""	""	""	""	"08"	""
""	""	""	""	""	""	"09"	""
""	""	""	""	""	""	"10"	""
""	""	""	""	""	""	"11"	""
""	""	""	""	""	""	"12"	""
"473"	"1"	"BWTR4"	"Birth Weight Recode 4"	""	"U,R"	"1"	""
""	""	""	""	""	""	"2"	""
""	""	""	""	""	""	"3"	""
""	""	""	""	""	""	"4"	""
"474-475"	"2"	"FILLER"	"Filler"	""	""	"Blank"	""
"476-482"	"7"	"Abnormal"	"Conditions of the Newborn (Revised)"	""	""	""	""
""	""	"The"	"checkbox items below follow this structure:"	""	""	"Y"	""
""	""	""	""	""	""	"N"	""
""	""	""	""	""	""	"U"	""
""	""	""	""	""	""	"Blank"	""
"476"	"1"	"AB_AVEN1"	"Assisted Ventilation"	"628"	"R"	""	""
"477"	"1"	"AB_AVEN6"	"Assisted Ventilation > 6 hrs 629"	""	"R"	""	""
"478"	"1"	"AB_NICU"	"Admission to NICU"	"630"	"R"	""	""
"479"	"1"	"AB_SURF"	"Surfactant"	"631"	"R"	""	""
"480"	"1"	"AB_ANTI"	"Antibiotics"	"632"	"R"	""	""
"481"	"1"	"AB_SEIZ"	"Seizures"	"633"	"R"	""	""
"482"	"1"	"AB_BINJ"	"Birth Injury"	"634"	"R"	""	""
"483-491"	"9"	"FILLER"	"Filler"	""	""	"Blank"	""
"492-503"	"12"	"Congenital"	"Anomalies of the Newborn (Revised)"	""	""	""	""
""	""	"The"	"checkbox items below follow this structure:"	""	""	"Y"	""
""	""	""	""	""	""	"N"	""
""	""	""	""	""	""	"U"	""
""	""	""	""	""	""	"Blank"	""
"492"	"1"	"CA_ANEN"	"Anencephaly"	"635"	"R"	""	""
"493"	"1"	"CA_MNSB"	"Meningomyelocele / Spina Bifida"	""	""	""	""
""	""	""	""	"636"	"R"	""	""
"494"	"1"	"CA_CCHD"	"Cyanotic Congenital Heart Disease"	""	""	""	""
""	""	""	""	"637"	"R"	""	""
"495"	"1"	"CA_CDH"	"Congenital Diaphragmatic Hernia"	""	""	""	""
""	""	""	""	"638"	"R"	""	""
"496"	"1"	"CA_OMPH"	"Omphalocele"	"639"	"R"	""	""
"497"	"1"	"CA_GAST"	"Gastroschisis"	"640"	"R"	""	""
"498"	"1"	"CA_LIMB"	"Limb Reduction Defect"	"641"	"R"	""	""
"499"	"1"	"CA_CLEFT"	"Cleft Lip w/ or w/o Cleft Palate"	""	""	""	""
""	""	""	""	"642"	"R"	""	""
"500"	"1"	"CA_CLPAL"	"Cleft Palate alone"	"643"	"R"	""	""
"501"	"1"	"CA_DOWNS"	"Down Syndrome"	"644"	"R"	"C"	""
""	""	""	""	""	""	"P"	""
""	""	""	""	""	""	"N"	""
""	""	""	""	""	""	"U"	""
""	""	""	""	""	""	"Blank"	""
"502"	"1"	"CA_DISOR"	"Suspected Chromosomal Disorder"	""	""	""	""
""	""	""	""	"645"	"R"	"C"	""
""	""	""	""	""	""	"P"	""
""	""	""	""	""	""	"N"	""
""	""	""	""	""	""	"U"	""
""	""	""	""	""	""	"Blank"	""
"503"	"1"	"CA_HYPO"	"Hypospadias"	"646"	"R"	"Y"	""
""	""	""	""	""	""	"N"	""
""	""	""	""	""	""	"U"	""
""	""	""	""	""	""	"Blank"	""
"504-525"	"22"	"Congenital"	"Anomalies of the Newborn"	""	""	""	""
""	""	"The"	"checkbox items below follow this structure:"	""	""	"1"	""
""	""	"The"	"version is all 1989 Standard unless otherwise noted."	""	""	"2"	""
""	""	""	""	""	""	"9"	""
""	""	""	""	""	""	"Blank"	""
"504"	"1"	"UCA_ANEN"	"Anencephalus"	"752"	"U,R"	""	""
"505"	"1"	"UCA_SPINA"	"Spina Bifida / Meningocele 753"	""	"U,R"	""	""
"506-512"	"7"	"FILLER"	"Filler"	""	""	""	""
"513"	"1"	"UCA_OMPHA"	"Omphalocele / Gastroschisis"	""	""	""	""
""	""	""	""	"761"	"U,R"	""	""
"514-517"	"4"	"FILLER"	"Filler"	""	""	""	""
"518"	"1"	"UCA_CELFTLP"	"Cleft Lip / Palate"	"766"	"U,R"	""	""
"519-520"	"2"	"FILLER"	"Filler"	""	""	""	""
"521"	"1"	"UCA_HERNIA"	"Diaphragmatic Hernia"	"769"	"U,R"	""	""
"522"	"1"	"FILLER"	"Filler"	""	""	""	""
"523"	"1"	"UCA_DOWNS"	"Down Syndrome"	"771"	"U,R"	""	""
"524-525"	"2"	"FILLER"	"Filler"	""	""	""	""
"526-568"	"43"	"FILLER"	"Filler"	""	""	"Blank"	""
"569-773"	"101"	"Flag"	"File for Reporting Flags"	""	""	""	""
""	""	"The"	"reporting flags below follow this coding structure:"	""	""	"0"	""
""	""	""	""	""	""	"1"	""
"569"	"1"	"F_MORIGIN"	"Origin of Mother"	""	"U,R"	""	""
"570"	"1"	"F_FORIGIN"	"Origin of Father"	""	"U,R"	""	""
"571"	"1"	"F_MEDUC"	"Education of Mother"	""	"R"	""	""
"572"	"1"	"FILLER"	"Filler"	""	""	"Blank"	""
"573"	"1"	"F_CLINEST"	"Clinical Estimate of Gestation"	""	"U,R"	""	""
"574"	"1"	"F_APGAR5"	"Five minute APGAR"	""	"U,R"	""	""
"575"	"1"	"F_TOBACO"	"Tobacco use"	""	"R"	""	""
"576"	"1"	"FILLER"	"Filler"	""	""	"Blank"	""
"577"	"1"	"F_PWGT"	"Prepregnancy Weight"	""	"R"	""	""
"578"	"1"	"F_DWGT"	"Delivery Weight"	""	"R"	""	""
"579-581"	"3"	"FILLER"	"Filler"	""	""	"Blank"	""
"582"	"1"	"F_RF_PDIAB"	"Prepregnancy Diabetes"	""	"R"	""	""
"583"	"1"	"F_RF_GDIAB"	"Gestational Diabetes"	""	"R"	""	""
"584"	"1"	"F_RF_PHYPER"	"Prepregnancy Hypertension"	""	"R"	""	""
"585"	"1"	"F_RF_GHYPER"	"Gestational Hypertension"	""	"R"	""	""
"586"	"1"	"F_RF_ECLAMP"	"Eclampsia"	""	"R"	""	""
"587"	"1"	"F_RF_PPB"	"Previous Preterm Birth"	""	"R"	""	""
"588"	"1"	"F_RF_PPO"	"Poor Pregnancy outcomes"	""	"R"	""	""
"589-592"	"4"	"FILLER"	"Filler"	""	""	"Blank"	""
"593"	"1"	"F_RF_CESAR"	"Previous Cesarean"	""	"R"	""	""
"594"	"1"	"F_RF_NCESAR"	"Number of Previous Cesareans"	""	"R"	""	""
"595-600"	"6"	"FILLER"	"Filler"	""	""	"Blank"	""
"601"	"1"	"F_OB_CERVIC"	"Cervical Cerclage"	""	"R"	""	""
"602"	"1"	"F_OB_TOCO"	"Tocolysis"	""	"R"	""	""
"603"	"1"	"F_OB_SUCC"	"Successful External Cephalic Version"	""	"R"	""	""
"604"	"1"	"F_OB_FAIL"	"Failed External Cephalic Version"	""	"R"	""	""
"605"	"1"	"F_OL_RUPTURE"	"Premature Rupture of the Membranes"	""	"R"	""	""
"606"	"1"	"F_OL_PRECIP"	"Precipitous Labor"	""	"R"	""	""
"607"	"1"	"F_OL_PROLONG"	"Prolonged Labor"	""	"R"	""	""
"608"	"1"	"F_LD_INDUCT"	"Induction of Labor"	""	"R"	""	""
"609"	"1"	"F_LD_AUGMENT"	"Augmentation of Labor"	""	"R"	""	""
"610"	"1"	"FILLER"	"Filler"	""	""	"Blank"	""
"611"	"1"	"F_LD_STERIODS"	"Steroids"	""	"R"	""	""
"612"	"1"	"F_LD_ANTIBIO"	"Antibiotics"	""	"R"	""	""
"613"	"1"	"F_LD_CHORIO"	"Chorioamnionitis"	""	"R"	""	""
"614"	"1"	"F_LD_MECON"	"Meconium Staining"	""	"R"	""	""
"615"	"1"	"F_LD_FINTOL"	"Fetal Intolerance"	""	"R"	""	""
"616"	"1"	"F_LD_ANESTH"	"Anesthesia"	""	"R"	""	""
"617-618"	"2"	"FILLER"	"Filler"	""	""	"Blank"	""
"619"	"1"	"F_MD_PRESENT"	"Fetal Presentation"	""	"R"	""	""
"620"	"1"	"F_MD_ROUTE"	"Final Route and Method of Delivery"	""	"R"	""	""
"621"	"1"	"F_MD_TRIAL"	"Trial of Labor Attempted"	""	"R"	""	""
"622-627"	"6"	"FILLER"	"Filler"	""	""	"Blank"	""
"628"	"1"	"F_AB_VENT"	"Assisted Ventilation"	""	"R"	""	""
"629"	"1"	"F_AB_VENT6"	"Assisted Ventilation >6 hrs"	""	"R"	""	""
"630"	"1"	"F_AB_NIUC"	"Admission to NICU"	""	"R"	""	""
"631"	"1"	"F_AB_SURFAC"	"Surfactant"	""	"R"	""	""
"632"	"1"	"F_AB_ANTIBIO"	"Antibiotics"	""	"R"	""	""
"633"	"1"	"F_AB_SEIZ"	"Seizures"	""	"R"	""	""
"634"	"1"	"F_AB_INJ"	"Birth Injury"	""	"R"	""	""
"635"	"1"	"F_CA_ANEN"	"Anencephaly"	""	"R"	""	""
"636"	"1"	"F_CA_MENIN"	"Meningomyelocele/Spina Bifida"	""	"R"	""	""
"637"	"1"	"F_CA_HEART"	"Cyanotic Congenital Heart Disease"	""	"R"	""	""
"638"	"1"	"F_CA_HERNIA"	"Congenital Diaphragmatic Hernia"	""	"R"	""	""
"639"	"1"	"F_CA_OMPHA"	"Omphalocele"	""	"R"	""	""
"640"	"1"	"F_CA_GASTRO"	"Gastroschisis"	""	"R"	""	""
"641"	"1"	"F_CA_LIMB"	"Limb Reduction Defect"	""	"R"	""	""
"642"	"1"	"F_CA_CLEFTLP"	"Cleft Lip with or without Cleft Palate"	""	"R"	""	""
"643"	"1"	"F_CA_CLEFT"	"Cleft Plate Alone"	""	"R"	""	""
"644"	"1"	"F_CA_DOWNS"	"Down Syndrome"	""	"R"	""	""
"645"	"1"	"F_CA_CHROM"	"Suspected Chromosomal Disorder"	""	"R"	""	""
"646"	"1"	"F_CA_HYPOS"	"Hypospadias"	""	"R"	""	""
"647"	"1"	"F_MED"	"Mother's Education"	""	"U"	""	""
"648"	"1"	"F_WTGAIN"	"Weight Gain"	""	"U,R"	""	""
"649-666"	"18"	"FILLER"	"Filler"	""	""	"Blank"	""
"667"	"1"	"F_TOBAC"	"Tobacco Use"	""	"U"	""	""
"668"	"1"	"F_MPCB"	"Month Prenatal Care Began"	""	"R"	""	""
"669"	"1"	"F_MPCB_U"	"Month Prenatal Care Began"	""	"U"	""	""
"670-683"	"14"	"FILLER"	"Filler"	""	""	"Blank"	""
"684"	"1"	"F_URF_DIABETES"	"Diabetes"	""	"U,R"	""	""
"685-687"	"3"	"FILLER"	"Filler"	""	""	"Blank"	""
"688"	"1"	"F_URF_CHYPER"	"Chronic Hypertension"	""	"U,R"	""	""
"689"	"1"	"F_URF_PHYPER"	"Pregnancy Associated Hypertension"	""	"U,R"	""	""
"690"	"1"	"F_URF_ECLAMP"	"Eclampsia"	""	"U,R"	""	""
"691-702"	"12"	"FILLER"	"Filler"	""	""	"Blank"	""
"703"	"1"	"F_UOB_INDUCT"	"Induction of Labor"	""	"U,R"	""	""
"704"	"1"	"FILLER"	"Filler"	""	""	"Blank"	""
"705"	"1"	"F_UOB_TOCOL"	"Tocolysis"	""	"U,R"	""	""
"706-711"	"6"	"FILLER"	"Filler"	""	""	"Blank"	""
"712"	"1"	"F_ULD_MECONIUM"	"Meconium"	""	"U,R"	""	""
"713-717"	"5"	"FILLER"	"Filler"	""	""	"Blank"	""
"718"	"1"	"F_ULD_PRECIP"	"Precipitous Labor"	""	"U,R"	""	""
"719-720"	"2"	"FILLER"	"Filler"	""	""	"Blank"	""
"721"	"1"	"F_ULD_BREECH"	"Breech"	""	"U,R"	""	""
"722-729"	"8"	"FILLER"	"Filler"	""	""	"Blank"	""
"730"	"1"	"F_U_VAGINAL"	"Vaginal"	""	"U"	""	""
"731"	"1"	"F_U_VBAC"	"Vaginal after Cesarean"	""	"U"	""	""
"732"	"1"	"F_U_PRIMAC"	"Primary Cesarean"	""	"U"	""	""
"733"	"1"	"F_U_REPEAC"	"Repeat Cesarean"	""	"U"	""	""
"734"	"1"	"F_U_FORCEP"	"Forceps"	""	"U,R"	""	""
"735"	"1"	"F_U_VACUUM"	"Vacuum"	""	"U,R"	""	""
"736-751"	"16"	"FILLER"	"Filler"	""	""	"Blank"	""
"752"	"1"	"F_UCA_ANEN"	"Anencephalus"	""	"U,R"	""	""
"753"	"1"	"F_UCA_SPINA"	"Spina Bifida / Meningocele"	""	"U,R"	""	""
"754-760"	"7"	"FILLER"	"Filler"	""	""	"Blank"	""
"761"	"1"	"Omphalocele"	"/ Gastroschisis"	""	"U,R"	""	""
"762-765"	"4"	"FILLER"	"Filler"	""	""	"Blank"	""
"766"	"1"	"F_UCA_CLEFTLP"	"Cleft Lip / Palate"	""	"U,R"	""	""
"767-768"	"2"	"FILLER"	"Filler"	""	""	"Blank"	""
"769"	"1"	"F_UCA_HERNIA"	"Hernia"	""	"U,R"	""	""
"770"	"1"	"FILLER"	"Filler"	""	""	"Blank"	""
"771"	"1"	"F_UCA_DOWNS"	"Down Syndrome"	""	"U,R"	""	""
"772-775"	"4"	"FILLER"	"Filler"	""	""	"Blank"	""
